estimate,precision,lower,upper,level,incr.resp,incr.cost,thres,prob,model
2.8605724128212087,0.22697485960488217,2.6335975532163265,Inf,0.9,143028.62064106044,50000,0,1,tbr1
3.6407700473886977,0.6056040477325628,3.035165999656135,Inf,0.9,182038.5023694349,50000,0,1,gbr1
